270914,45554,4173,4621,45527,1428,30809,27,27,45500,3480,45500,45500
250802,57610,2639,6045,42008,1902,39234,1008,808,41000,3136,41000,41000
299391,56606,3315,4765,56485,1903,31767,485,485,56000,4284,56000,56000
167656,38993,1619,3932,23580,1177,26216,700,700,22880,1750,22880,22880
176962,40462,4604,4349,21751,1219,28994,751,1,21000,1606,21000,21000
193328,30406,3433,2463,32167,830,16420,167,50,32000,2448,32000,32000
178808,8730,824,372,8730,186,2480,1030,22,7700,589,7700,7000
260530,25938,4145,629,25001,693,4194,1,1,25000,1912,25000,25000
187347,95500,5575,12830,95500,3406,65129,6500,5000,89000,5047,89000,89000
253471,72700,3894,8756,44850,2496,48915,2850,2500,42000,3213,42000,42000
270708,36956,2548,3321,22205,1095,22141,2205,205,20000,1530,20000,20000
280169,56839,1804,6352,56839,1951,36849,16839,17839,40000,3060,40000,40000
178670,6539,215,43,8539,120,289,2072,72,6467,494,6467,2000
248899,70240,3536,9795,38040,2321,52627,3040,40,35000,2677,35000,35000
345103,23024,2005,799,6012,563,5328,12,12,6000,459,6000,6000
197601,59646,4846,6530,41323,1970,40967,323,323,41000,3136,41000,41000
200017,58427,2188,7612,29214,1920,44829,4214,4213,25000,1912,25000,25000
196740,15380,705,632,15380,464,4215,80,80,15300,1170,15300,15300
280501,40050,1323,5483,40050,1360,30146,50,50,40000,3060,40000,40000
242873,14669,2745,35,20477,322,234,11722,2232,8755,669,8755,8755
277591,96559,2791,15594,37553,3251,73337,553,509,37000,2830,37000,37000
266417,51221,1061,5239,36421,1683,34930,421,421,36000,2754,36000,36000
247098,61450,3187,8379,38225,1990,47571,225,225,38000,2907,38000,38000
185484,42339,3862,2228,42339,1339,14858,5,5,42334,3238,42334,42334
198176,57236,3218,5573,35847,1912,37157,847,47,35000,2677,35000,35000
186223,47006,3266,4070,28003,1507,29576,3,3,28000,2142,28000,28000
171074,23055,1728,1537,22137,613,10248,15959,144,6178,667,3628,3628
153772,63000,4476,6654,62500,2139,41408,500,400,62000,4656,62000,62000
54343,72412,3614,8007,65057,2525,46242,57,57,65000,4699,65000,65000
272882,65200,4216,7218,35100,2061,43423,100,100,35000,2677,35000,32000
272062,72507,3758,8028,61007,2536,46316,1507,1500,59500,4551,59500,59500
214252,32252,3056,2311,32878,915,15413,878,12,32000,2448,32000,32000
227842,65002,2907,7087,33162,2223,42957,162,162,33000,2524,33000,33000
168509,69618,3530,10332,65674,2277,54546,78,78,65596,4708,65596,30743
183865,50060,3753,4369,28030,1633,29127,30,30,28000,2142,28000,28000
199515,71500,3528,10096,40750,2472,53703,750,750,40000,3060,40000,40000
273536,73363,4206,9585,70752,2521,51878,2389,2389,68363,4748,68363,68363
204547,45144,1486,6644,45144,1538,34292,144,144,45000,3442,45000,45000
152676,49040,2643,4826,34596,1593,32174,96,96,34500,2639,34500,34500
180510,69200,2735,11457,71204,2272,55079,16204,200,55000,4207,55000,55000
103361,50004,3636,5649,50002,1458,37660,2,2,50000,6589,50000,50000
131107,91050,2817,14348,55025,3027,70075,25,25,55000,4207,55000,55000
143167,95550,3302,17158,65300,3255,78923,300,250,65000,4699,65000,65000
257685,62960,2561,5959,59730,2174,38927,3230,3230,56500,4322,56500,56500
281775,78821,3639,12329,80576,2674,58193,576,500,80000,4917,80000,80000
208443,22000,4101,988,23920,522,6588,2120,200,21800,1667,21800,21800
208688,30621,2530,2493,16232,854,16620,232,100,16000,1224,16000,16000
283725,15004,2394,308,15004,307,2054,4,4,15000,1147,15000,15000
174044,15071,412,1180,21280,439,7871,10580,342,10700,818,10700,10700
179018,33792,937,3227,26040,969,21517,40,40,26000,1989,26000,26000
337869,10508,2480,1,11844,175,8,1344,8,10500,803,10500,7000
190794,53470,2137,5744,14235,1739,38160,235,235,14000,1071,14000,14000
210781,67197,3354,9754,51084,2178,52479,84,84,51000,3901,51000,51000
299319,12682,1572,964,12682,323,6432,182,2,12500,956,12500,8800
302636,53768,1360,8894,45154,1883,42325,7154,1153,38000,2907,38000,20000
208651,51293,1445,5852,43293,1787,38543,34893,2500,8400,642,8400,8400
191502,56015,947,5884,34600,1864,38658,1100,50,33500,2562,33500,28500
184112,52300,3261,6151,33150,1663,39614,150,150,33000,2830,29000,25000
222205,76650,2790,11497,40125,2660,59893,125,125,40000,3060,40000,40000
165972,19991,2624,1452,24991,640,9686,6191,791,18800,1438,18800,16800
199988,20010,1818,851,21305,451,5674,6305,5,15000,1147,15000,15000
229883,37128,2976,3250,19116,1030,21668,16,16,19100,1461,19100,19100
230418,14980,1147,1309,14980,360,8730,20,20,14960,1144,14960,7952
344654,79866,4108,9749,54034,2755,52461,34,34,54000,4131,54000,52000
331041,67200,3130,10417,67200,3113,47767,4200,4000,63000,4670,63000,63000
330262,22582,1068,2449,24010,692,16332,10,10,24000,1836,24000,24000
348114,32379,2864,2678,32189,821,17856,189,189,32000,2448,32000,32000
246487,72560,2654,9411,45285,2687,51257,65,20,45220,3493,44770,44770
240569,32093,3915,443,31795,346,2955,14,14,31781,2431,31781,16323
275119,53810,5851,4806,56210,1588,32043,3210,735,53000,4054,53000,53000
248926,60384,1902,6773,24842,2053,41833,542,42,24300,1858,24300,24300
213139,72813,2755,9724,18850,2490,52374,850,750,18000,1377,18000,18000
200060,36024,3189,2067,20024,805,15978,24,24,20000,1530,20000,20000
233946,92892,3440,17507,78808,4783,71347,8808,7208,70000,4772,70000,70000
220592,77910,2348,11363,55975,2968,58227,10975,35,45000,3442,45000,45000
222673,86800,4684,12682,86800,2910,61120,1800,1200,85000,4989,85000,85000
228973,89885,4771,12022,89400,3281,60579,400,400,89000,5047,89000,89000
240961,49014,3239,5056,33007,1465,33708,7,7,33000,2524,33000,33000
228451,73546,1265,11272,22790,2739,57900,290,40,22500,1721,22500,22500
229562,67469,1695,10474,55719,3130,47968,27719,118,28000,2142,28000,28000
353508,42777,2476,7270,42777,1685,36527,777,577,42000,3213,42000,42000
386651,40536,2585,3990,26518,1092,26606,18,18,26500,2027,26500,19000
239012,26173,2664,1355,28693,425,9039,3693,200,25000,1912,25000,25000
262750,55308,781,9253,59243,2132,43608,40243,32373,19000,1453,19000,19000
254136,55300,3587,4980,41650,1653,33202,650,400,41000,3136,41000,41000
201442,67400,4541,5619,66200,2010,37463,1200,1000,65000,4699,65000,65000
228613,52084,5112,4972,52042,1600,33151,42,42,52000,3978,52000,52000
127028,65900,3035,11570,65900,3029,51883,900,700,65000,4699,65000,65000
196149,80376,5362,13431,69040,3097,65611,4040,4038,65000,4699,65000,65000
211831,74124,4116,7692,74112,2454,45117,112,12,74000,4830,74000,74000
227813,47504,1174,4651,22502,1486,31012,1002,2,21500,1644,21500,18000
218827,35012,3340,3023,35006,937,20154,6,6,35000,2677,35000,35000
183554,77090,3665,15181,77090,3756,63843,2090,2000,75000,4844,75000,75000
183569,10792,558,538,20093,49,3592,14093,130,6000,459,6000,6000
232421,32448,1258,4378,32448,1142,26198,6948,48,25500,1950,25500,25500
237609,38026,3076,2979,32013,981,19860,13,12,32000,2448,32000,32000
231277,95174,5355,14594,48337,3769,69765,337,337,48000,3672,48000,48000
349156,67929,3209,6555,33664,2234,42773,164,162,33500,2562,33500,28500
537410,74739,363,13733,99826,3343,59171,90826,14416,9000,306,7000,7000
204462,55767,2179,8126,47153,2370,39583,1153,1153,46000,3519,46000,46000
214374,59242,3133,5900,35041,1915,38717,41,40,35000,2677,35000,35000
218692,64801,1300,7730,44685,2280,45252,1685,1685,43000,3289,43000,43000
209403,27342,2057,1497,20210,545,9984,210,210,20000,1530,20000,20000
184096,28277,3126,1921,28277,581,12807,277,277,28000,2142,28000,28000
209820,39849,2900,4034,23535,1149,26899,35,5,23500,1874,22500,15000
267109,29638,2178,981,29325,480,6540,1607,7,27718,2120,27718,27718
153705,67826,3092,9904,65000,3948,53016,5000,5000,60000,4590,60000,60000
129747,94084,3686,12288,90292,5726,61531,292,242,90000,5062,90000,90000
219674,59200,3371,4954,29750,3324,36235,250,250,29500,2256,29500,29500
124070,42302,2837,3845,30151,2141,25635,151,150,30000,2295,30000,30000
189071,56501,2220,7153,31750,3175,43190,1750,1000,30000,2295,30000,30000
188888,57600,1564,5248,30900,3212,34990,200,200,30700,2348,30700,29000
165187,50570,4479,4505,35055,2720,33242,55,55,35000,2677,35000,35000
132149,62160,4313,6472,43397,3551,40758,17,17,43380,3318,43380,43380
209612,70854,3960,9042,32728,4180,49936,2728,2528,30000,2295,30000,30000
144932,69500,42,8451,31106,4045,49545,106,10,31000,2371,31000,31000
169060,88696,3144,14102,53230,5389,68010,3230,3230,50000,3825,50000,50000
161781,24105,1680,2253,24105,946,15021,105,105,24000,1836,24000,24000
162815,69578,1448,8765,33586,4091,48949,1591,984,31995,3977,12000,12000
143620,38135,1930,3358,25061,1890,22388,60,50,25001,1912,25000,25000
199987,37200,912,3199,42000,1804,21330,5000,200,37000,2830,37000,35000
117980,36016,2903,3208,36008,1721,21391,8,8,36000,2754,36000,30000
155657,87048,1724,15069,54524,5313,71464,2524,374,52000,3978,52000,52000
164695,32064,3790,2657,32032,1445,17716,32,32,32000,2448,32000,32000
160260,22240,520,1579,22240,834,10532,90,50,22150,1694,22150,22150
138519,84076,2714,14339,59538,5105,68857,4538,4038,55000,4207,55000,55000
149644,75635,4801,12266,75635,4475,61452,5635,5635,70000,4772,70000,70000
150713,63662,3549,6111,34081,3636,39470,81,81,34000,2601,34000,34000
126737,38209,2909,3838,29174,1895,25591,1174,174,28000,2142,28000,28000
194709,36100,2444,5401,38600,1767,29850,2600,100,36000,2754,36000,36000
150703,28005,904,670,13004,1140,7955,3004,4,10000,765,10000,10000
119563,99618,3682,18157,65311,6193,82491,428,404,64883,4698,64883,64883
166625,72422,4272,9382,40062,4290,51150,62,62,40000,3060,40000,40000
152059,23608,1413,2603,25037,917,17358,93,93,24944,1908,24944,24944
128401,53210,2174,5690,32207,2925,37939,9207,2,23000,1759,23000,23000
139320,9002,1623,412,15002,159,2752,6002,2,9000,688,9000,9000
149650,63024,2613,5492,41021,3592,38976,21,3,41000,3136,41000,32000
145117,59940,4091,6203,55220,3376,41217,220,200,55000,4207,55000,55000
309496,71536,4299,6650,38441,2887,43114,3441,404,35000,2677,35000,35000
346570,68800,2736,10752,68800,4611,48963,800,300,68000,4743,68000,68000
385610,42500,1755,6042,42500,2166,32140,2500,2500,40000,3060,40000,40000
454283,25949,2545,2645,26149,732,17639,2149,2149,24000,1836,24000,24000
367201,75800,3235,13298,75800,5262,57768,800,500,75000,4844,75000,75000
181933,41514,3553,3747,30844,777,27425,844,843,30000,2295,30000,30000
315622,37853,1210,4753,42717,1733,27537,27675,4623,15042,1150,15042,15042
331196,70478,3621,9166,38478,2853,50380,478,253,38000,2907,38000,38000
370829,51186,3431,5432,42593,1357,36216,2593,843,40000,3060,40000,40000
483600,89574,3519,14009,40332,4757,67677,332,323,40000,3060,40000,40000
365108,43329,3958,6231,43329,2243,32815,329,29,43000,3289,43000,43000
340188,39184,4400,3470,17887,712,23139,5770,9,12117,926,12117,12117
312786,73538,3303,11270,48848,3265,57893,36386,2969,12462,953,12462,9984
429623,51350,3730,8330,51350,2989,40312,350,200,51000,3901,51000,51000
504846,80448,5118,9415,32075,3716,52933,75,75,32000,2448,32000,32000
532517,23381,2812,1569,4015,150,10462,15,15,4000,306,4000,4000
352504,91140,4730,16075,94753,4902,75054,14753,563,80000,4917,80000,80000
423955,90802,1960,14288,49546,4871,68672,311,185,49235,3766,49235,49235
346093,86607,5612,14961,64113,4481,71077,113,113,64000,4685,64000,64000
400679,53400,5447,5493,51000,1557,36624,1000,250,50000,3825,50000,50000
333278,35836,1533,3111,31170,578,20743,23170,601,8000,612,8000,8000
179959,53612,4527,4048,53894,1318,26989,294,6,53600,4100,53600,53600
161698,78385,5244,10099,71385,3588,53711,1385,485,70000,4772,70000,70000
141450,62709,4085,7217,71496,2173,41356,23496,190,48000,3672,48000,48000
189865,46020,3053,4483,8310,1111,29891,310,10,8000,612,8000,8000
180133,60260,3870,6242,50160,1978,41655,160,100,50000,3825,50000,50000
172509,71119,2569,11237,60599,4827,50696,599,500,60000,4590,60000,60000
183689,33760,1939,3091,33760,1353,20610,3760,1000,30000,2295,30000,30000
249329,20062,3937,804,20262,20,5360,262,62,20000,1530,20000,20000
161345,81500,4117,12177,77500,4006,61135,2500,2500,75000,4844,75000,75000
175424,73298,3381,9571,37000,3243,51828,5000,5000,32000,2448,32000,32000
202026,63440,3246,9631,58653,4113,44958,1153,1153,57500,4398,57500,57500
120612,31700,5273,2982,31690,412,19881,28,25,31662,2422,31662,31662
298070,52390,5037,5218,52260,1365,34791,130,40,52130,3987,52130,52130
206471,65500,4544,8221,67900,2397,43523,2900,500,65000,4699,65000,65000
184799,80798,4550,12162,31950,3812,61081,1950,750,30000,2295,30000,30000
161748,8012,1284,264,16256,2,1762,8256,12,8000,612,8000,8000
198890,66574,3644,9605,64287,2618,51947,287,275,64000,4685,64000,64000
220559,98943,6260,16619,96960,5500,76999,960,86,96000,5149,96000,85000
207333,12913,2141,856,20521,100,5713,13021,5413,7500,573,7500,7500
225984,97470,4331,15801,51175,5491,74075,175,175,51000,3901,51000,51000
218637,48450,2734,6206,48450,2719,32725,450,400,48000,3672,48000,48000
228010,94176,4851,19736,97000,6971,78536,4000,2000,93000,5105,93000,93000
210348,59000,2216,8808,59000,3700,42019,11000,5000,48000,3672,48000,48000
264696,61442,4860,6830,61442,1880,38555,1442,1442,60000,4590,60000,60000
208232,64000,1780,11131,64000,4165,50317,12000,4000,52000,3978,52000,52000
198934,44145,5032,4138,44145,807,27590,145,45,44000,3366,44000,44000
136580,59442,2641,8901,59442,3741,42352,1442,1442,58000,4437,58000,58000
194877,63918,4174,8970,80386,2398,49679,55386,150,25000,1912,25000,25000
202672,82425,4615,14929,85249,5879,63031,8649,8649,76600,4867,76600,58000
200075,21052,2135,1475,21052,438,9839,52,52,21000,1606,21000,21000
274876,35482,4591,2777,37200,435,18515,3200,200,34000,2601,34000,34000
201467,53975,3787,4656,49000,1411,33690,7600,100,41400,3167,41400,41400
219130,68100,4475,7431,39550,2567,45900,4550,550,35000,2677,35000,35000
229372,31535,3434,2595,18145,342,17302,101,100,18044,1380,18044,18044
193551,35433,4004,3506,33600,561,23376,600,600,33000,2524,33000,33000
204281,90109,3242,18652,90109,6593,75039,109,109,90000,5062,90000,90000
194781,13633,2918,410,13633,117,2739,419,419,13214,1010,13214,13000
217865,57802,2490,7463,57802,3589,44297,102,70,57700,4414,57700,57700
225249,96247,3325,20288,77766,7164,80317,33766,5766,44000,3366,44000,44000
126759,28065,3677,2338,30070,267,15588,70,70,30000,2295,30000,30000
125765,65515,2899,11481,51965,4306,51566,865,865,51100,3909,51100,49500
210930,79000,3552,9772,18500,3645,54210,6500,500,12000,918,12000,12000
269837,30669,2177,3340,30669,1096,22273,669,669,30000,2295,30000,30000
190980,65115,3485,9981,65115,4269,46209,115,115,65000,4699,65000,65000
211450,35375,1504,4203,37170,1503,25574,11170,100,26000,1989,26000,26000
182773,68700,4551,9427,53050,2751,51312,1650,250,51400,3932,51400,51000
158640,89300,3061,15623,21800,4731,73440,5800,1500,16000,1224,16000,16000
240323,86064,4094,14828,80764,4430,70601,58764,2400,22000,1683,22000,22000
206668,22866,2357,2492,22866,547,16616,866,866,22000,1683,22000,22000
217642,67113,3200,8231,38500,2668,47041,7500,4500,31000,2371,31000,31000
210631,65800,3924,8972,65800,2485,46206,800,450,65000,4699,65000,65000
205274,31385,2494,2848,33054,1153,18988,1054,54,32000,2448,32000,32000
359399,40677,3637,5626,40677,1996,30657,677,577,40000,3060,40000,40000
219594,80500,3336,14455,80500,5700,61502,8500,100,72000,4801,72000,72000
238557,79919,3558,12632,39202,3795,62760,202,137,39000,2983,39000,39000
216239,33228,1824,3857,33228,1303,24336,228,28,33000,2524,33000,33000
351295,39054,1558,6228,39054,1845,32804,54,54,39000,2983,39000,39000
354985,70600,5064,7615,68900,2864,44840,1900,1700,67000,4728,67000,67000
477986,55231,3769,4604,53206,1511,30698,94,94,53112,4063,53112,50000
367204,53074,4610,4938,27037,1342,32923,37,37,27000,2065,27000,27000
336948,74302,4472,11452,42651,3336,58545,651,401,42000,3213,42000,42000
386565,76100,3085,13372,76100,5290,58007,9100,900,67000,4728,67000,67000
413537,67288,2060,11890,67288,4471,53028,12288,288,55000,4207,55000,55000
395085,37946,1532,4774,37946,1742,27611,446,446,37500,2868,37500,37500
410370,95584,3417,20111,81500,7102,79747,1500,1500,80000,4917,80000,80000
245003,78950,4274,12394,41755,3705,61910,755,150,41000,3136,41000,41000
414450,99250,3927,19073,85166,7443,76398,166,166,85000,4989,85000,85000
374720,76000,3370,9911,35900,3430,54229,900,500,35000,2677,35000,35000
375584,87274,4487,13487,66293,4543,65814,12293,105,54000,4131,54000,54000
358996,92336,3912,14636,40668,5013,69915,25668,418,15000,1147,15000,15000
393141,73482,5668,10570,60192,3196,55395,192,181,60000,4590,60000,60000
425859,54150,3539,10455,54150,3249,47900,3150,3000,51000,3901,51000,51000
423334,55014,4243,6112,55007,1622,39474,13007,7,42000,3213,42000,42000
414012,49180,4090,4106,49190,1173,27379,190,90,49000,4743,36000,36000
339535,63160,3387,8788,25135,2338,49031,1135,25,24000,1836,24000,24000
395751,77540,5240,9907,77270,3509,53027,270,20,77000,4873,77000,61000
378079,68504,4579,8694,68502,2669,48695,502,2,68000,4743,68000,68000
391390,69918,5893,7467,62610,2801,44312,610,10,62000,4656,62000,62000
333731,66650,3134,7445,36325,2561,44233,325,100,36000,2754,36000,36000
343707,76170,2737,12397,38528,3510,61921,2528,2528,36000,2754,36000,36000
372681,67650,3770,10512,54100,4505,48104,4100,3500,50000,3825,50000,50000
354675,80690,4691,10984,35090,3738,58537,12090,90,23000,1759,23000,23000
305375,54666,3932,7893,57110,3297,38753,2110,360,55000,4207,55000,55000
400473,67684,2800,8787,21169,2657,50444,4167,15,17002,2830,37000,23000
293192,60856,1875,9090,56069,3873,43027,23069,20069,33000,2524,33000,33000
373141,52303,3615,8552,52303,3077,41105,1303,1153,51000,3901,51000,51000
378495,41225,3364,4737,41225,2047,27479,1225,25,40000,3060,40000,40000
382102,59108,4417,5424,30623,1885,36163,623,485,30000,2295,30000,30000
433270,70075,4215,8873,65650,2943,49333,1150,1000,64500,5406,52000,52000
373515,44721,3707,3601,44250,905,24009,2250,1250,42000,3213,42000,42000
374647,71616,3346,7835,30808,2958,45626,808,808,30000,2295,30000,15000
497930,44979,4603,3079,45782,729,20528,33,33,45749,3499,45749,45749
416868,33138,2764,3836,33138,1295,24263,138,138,33000,2524,33000,33000
386792,57479,2405,7386,48865,3559,44022,865,865,48000,3672,48000,48000
337597,54240,3901,5591,28120,1624,37278,120,100,28000,2142,28000,28000
379697,24460,3172,2731,26050,643,18210,3050,1050,23000,1759,23000,23000
400808,48293,2061,7362,48293,2704,36855,45,45,48248,3690,48248,48248
348835,80790,6281,13532,78937,3940,65974,4038,167,74899,4843,74899,74899
342919,50583,2830,8151,50583,2917,39673,1583,1410,49000,3748,49000,49000
379029,25936,1491,2644,25011,731,17629,11,11,25000,1912,25000,25000
419835,74140,4982,10330,47140,3257,55957,140,140,47000,3595,47000,47000
432748,53284,4178,5480,36437,1547,36534,1353,120,35084,2683,35084,25642
356179,73544,3270,11271,41767,3266,57898,26,26,41741,3193,41741,41741
532114,64839,2679,11325,51289,4243,51008,4289,3089,47000,3595,47000,47000
383249,77995,2996,15422,67475,5467,64622,475,400,67000,4728,67000,67000
401018,96500,5011,17391,84750,5401,79756,4750,250,80000,4917,80000,80000
390956,42620,5394,3363,42560,779,22420,560,60,42000,3213,42000,42000
398108,76164,3038,11710,23529,3445,59466,1542,429,21987,1682,21987,21987
400552,18237,1525,1798,18237,302,11987,237,237,18000,1377,18000,18000
350017,56799,2929,7224,39356,1829,43443,21356,500,18000,1377,18000,18000
394533,58649,3394,8734,58649,3667,41755,8649,8649,50000,3825,50000,50000
373113,67977,4103,11160,60547,2684,54019,547,539,60000,4590,60000,60000
349554,34288,1856,4096,34288,1402,25191,663,96,33625,2572,33625,33625
349366,76122,3687,12386,66245,3506,61879,31245,500,35000,2677,35000,35000
363507,17736,3593,825,6789,37,5501,1789,289,5000,382,5000,5000
421175,26003,1783,816,36703,75,8933,10703,3,26000,1989,26000,26000
315832,61589,1689,7034,53095,2212,42766,50295,3500,2800,214,2800,2800
376775,65812,2969,6577,56830,2422,41134,1830,150,55000,4207,55000,30000
356121,93034,4500,14794,93017,5078,70481,28017,17,65000,4699,65000,65000
261163,53789,1977,5539,24868,1846,36927,868,518,24000,1836,24000,18000
268413,53080,1285,5456,14240,1819,36376,12240,40,2000,153,2000,2000
197158,97730,3675,18698,97730,3759,75190,126,125,97604,5172,97604,97604
232601,62100,3626,8535,52970,2406,48126,10970,50,42000,3213,42000,42000
238820,71646,5738,10817,38674,2814,56278,674,674,38000,2907,38000,38000
203957,13964,2431,152,13964,51,1014,3164,3164,10800,826,10800,10800
276168,92000,2225,14560,28000,3482,69643,4000,4000,24000,1836,24000,24000
205131,87057,2139,15072,40163,3574,71472,163,162,40000,3060,40000,40000
212306,19100,2572,880,23660,294,5872,4960,400,18700,1430,18700,17000
201615,58234,4415,5322,58217,1774,35483,3217,17,55000,4207,55000,35000
235530,75361,2676,10785,54165,2808,56161,48165,5898,6000,459,6000,6000
215782,90284,362,14170,3570,3413,68253,2670,3370,900,68,900,500
202647,19020,2582,601,21060,201,4013,2060,20,19000,1453,19000,19000
237295,57085,2873,6117,39710,1974,39490,110,75,39600,3029,39600,39600
219925,62404,1750,8608,31026,2419,48386,3026,1,28000,2142,28000,28000
234080,75551,4020,10828,57000,2816,56315,4000,4000,53000,4054,53000,53000
214547,32202,4195,2931,37602,977,19546,5225,25,32377,2476,32377,32377
294162,84792,2849,8475,50252,2455,49103,25252,52,25000,1912,25000,25000
218336,58345,2888,5308,28195,1901,38020,195,150,28000,2142,28000,28000
236237,9575,1772,498,10701,166,3325,1201,75,9500,726,9500,9500
197755,52543,3462,5393,32723,1798,35958,13723,744,19000,1453,19000,19000
216801,48377,2401,6191,48377,1634,32672,577,577,47800,3717,47000,47000
233489,81048,3923,10017,69167,2671,53419,241,217,68926,4756,68926,68926
209413,69324,3487,7338,56864,2193,43852,233,233,56631,4332,56631,56631
192944,28233,250,2322,26600,774,15483,20500,500,6100,512,5500,5500
227267,41104,4899,3926,41104,1309,26174,104,104,41000,3136,41000,41000
139811,53500,2100,8831,53500,2105,42102,1000,1000,52500,4016,52500,52500
199086,45751,153,4453,5369,1484,29687,369,169,5000,382,5000,5000
253202,7914,1302,249,7914,83,1664,214,214,7700,589,7700,7200
250069,39048,3778,3939,23484,1313,26260,3484,1184,20000,1530,20000,20000
199652,58402,2145,7606,47685,2240,44808,2685,1685,45000,3442,45000,45000
278754,53911,3840,6535,38068,1121,40985,368,319,37700,2884,37700,37700
262529,85900,3820,15785,85900,3100,65792,20900,600,65000,4699,65000,65000
280101,78587,5126,11619,76316,1106,59142,316,316,76000,4859,76000,76000
272442,41152,3446,5735,42152,1132,31043,1150,150,41002,3136,41000,36000
265384,37461,1673,3405,37461,156,22703,136,136,37325,2855,37325,27818
181958,54616,4498,4900,48808,1108,32670,808,808,48000,3672,48000,48000
218972,97000,4882,15694,80000,1125,73694,5000,2500,75000,4844,75000,75000
413479,45748,2341,5656,47156,124,30763,156,150,47000,3595,47000,47000
242725,71225,5099,10717,74947,1090,55918,18947,34,56000,4284,56000,56000
215463,90740,5617,13255,41370,1113,66172,370,250,41000,3136,41000,41000
260653,48425,3330,4576,53525,19,30507,13650,30,39875,3117,39000,875
384974,38200,4308,1895,37349,594,12635,349,349,37000,2830,37000,37000
272449,99038,5279,13765,83952,1217,67995,952,27,83000,4960,83000,83000
207252,62436,4952,8615,59968,1100,48413,9968,8,50000,3825,50000,50000
76818,46442,3178,5797,46442,2686,31267,1442,1442,45000,3442,45000,45000
50707,52142,1418,8514,54400,3125,40971,14400,400,40000,3060,40000,40000
56490,29108,2793,2418,32508,1194,16123,3508,100,29000,2218,29000,29000
53000,19711,2351,163,27511,458,4311,8511,10,19000,1453,19000,19000
78367,78010,2691,10700,48904,4901,55858,18904,404,30000,2295,30000,30000
52056,83688,3635,14244,71000,5434,68517,6000,5000,65000,4699,65000,65000
63826,86000,2262,13198,26750,5612,64781,1750,1250,25000,1912,25000,25000
82169,75963,3083,9549,34635,4647,51749,4635,30,30000,2295,30000,30000
72395,13065,1295,1022,13065,377,6815,10090,70,2975,227,2975,2975
65956,28780,1010,2974,31090,1362,19830,730,400,30360,2322,30360,30000
67654,48788,1591,6274,48788,2866,32970,788,288,48000,3672,48000,48000
82030,77126,2759,13624,79950,5048,58822,10050,250,69900,4770,69900,69900
55308,95250,4512,15297,84625,6325,72276,625,500,84000,4975,84000,84000
56307,27812,1866,1909,14206,1191,12732,9206,6,5000,382,5000,5000
52317,31115,4079,2496,31115,1330,16643,1115,1115,30000,2295,30000,30000
69561,87588,4242,12873,67245,5638,63618,245,200,67000,4728,67000,67000
64411,76454,1594,10347,50727,4781,54597,727,727,50000,3825,50000,50000
61608,36785,1616,5592,34583,1948,30535,83,83,34500,2639,34500,34500
55703,75435,3064,10801,41184,4799,56221,984,89,40200,3075,40200,40200
53856,62700,1193,6589,41700,3722,41176,1700,1500,40000,3060,40000,40000
55809,25508,1983,1307,28678,956,11073,3178,8,25500,1950,25500,25000
49780,38996,2074,5006,38996,2884,28442,996,30,38000,2907,38000,25000
48577,79120,1579,15722,68600,6696,65589,3600,1000,65000,4699,65000,65000
38795,91203,2788,18943,91203,7714,75980,618,618,90585,5070,90585,90585
56715,51342,2423,8328,65600,4057,40305,27100,100,38500,2945,38500,38500
70844,95200,4322,16386,72900,7964,76166,9900,300,63000,4670,63000,55000
67333,25431,2191,2585,25431,1596,17238,281,221,25150,1923,25150,25150
70432,91500,2550,17164,91500,8322,70241,1500,1500,90000,7829,30000,30000
46114,70808,3531,9931,63255,5706,53112,255,250,63000,5133,55000,55000
40622,56900,1497,9624,56900,4585,44934,4900,300,52000,3978,52000,52000
44512,39586,1931,5137,71586,2941,28910,33586,1326,38000,2907,38000,38000
54858,56792,4035,8342,64792,4575,40355,9792,1442,55000,4207,55000,55000
50303,32089,1154,2920,33289,2228,19469,1289,89,32000,2448,32000,32000
113734,56766,1778,11187,56766,2988,50516,6766,5766,50000,3825,50000,50000
122130,35614,2621,5264,35614,1719,29364,614,554,35000,2677,35000,35000
393188,86896,1710,13401,58804,4594,65507,3804,404,55000,4207,55000,55000
403203,83269,3812,10874,72615,4196,57669,2615,1615,70000,4772,70000,70000
545128,70020,3390,7489,47510,3401,44391,510,485,47000,3595,47000,47000
111160,43116,4743,3420,36858,1877,25245,858,808,36000,2754,36000,36000
295091,95532,4350,16467,86266,5022,76457,266,266,86000,5004,86000,86000
293234,38750,2811,6143,38750,1907,32500,750,500,38000,2907,38000,20000
115411,86497,3227,12292,31778,4480,62734,612,325,31166,2384,31166,31166
98219,73260,3045,9350,51081,3596,52756,1081,81,50000,3825,50000,50000
107263,55402,3792,4992,55201,2524,33281,201,100,55000,4207,55000,55000
124236,93030,3836,14107,67530,4872,68027,2530,2500,65000,4699,65000,65000
130703,31019,2473,2486,35819,1151,16576,7319,1038,28500,2180,28500,18500
127675,40118,3030,5499,40118,1989,30202,5118,318,35000,2677,35000,35000
118897,70518,3036,8969,55259,3611,49676,259,175,55000,4207,55000,55000
156142,82800,981,14408,17550,4258,69100,550,250,17000,1300,17000,13000
114735,79200,2941,13142,52700,4132,64580,10700,500,42000,3213,42000,42000
125219,51600,3297,8388,51900,2678,40520,900,600,51000,3901,51000,51000
123695,53844,1141,8911,45230,2813,42389,5230,2877,40000,3060,40000,40000
382990,60867,1164,5596,21359,2852,37307,1918,1918,19441,2711,3441,16000
429361,60274,3796,6040,60213,2726,39217,213,200,60000,4590,60000,60000
346714,32701,2116,3738,27836,1544,23911,11300,1000,16536,1265,16536,16536
119782,82832,4626,11461,65072,4260,59765,72,70,65000,4699,65000,65000
447118,40378,1501,4565,40378,2005,26865,378,288,40000,3060,40000,40000
110694,96296,2566,13143,42904,4888,65774,904,404,42000,3213,42000,42000
134721,45275,2610,4399,23031,2096,29327,31,31,23000,1759,23000,23000
150391,16506,879,788,17306,572,5256,881,81,16425,1256,16425,16000
126477,47385,2813,3904,44823,2133,28472,6323,323,38500,2945,38500,38000
321861,44395,3258,3931,31311,1954,26212,111,111,31200,2386,31200,31200
315914,58379,3869,9969,58379,3085,46165,10379,10379,48000,3672,48000,36000
71843,92409,3581,13966,61011,4835,67524,1011,1011,60000,4590,60000,60000
105401,26800,2769,2168,30200,898,14456,4200,800,26000,1989,26000,26000
144013,33194,2640,3849,33194,1574,24309,194,192,33000,2524,33000,33000
164716,79425,4316,11825,71625,3965,59877,1625,1615,70000,4772,70000,70000
129311,99740,2678,19193,102299,5566,76787,17299,17299,85000,5279,65000,45000
130346,92500,4491,13654,51250,4840,67598,1250,1250,50000,3825,50000,50000
102799,97200,3908,15053,61850,5122,71406,850,750,61000,4641,61000,61000
103575,99088,2822,15482,50900,5235,72936,900,500,50000,3825,50000,50000
128274,35040,1464,3161,36040,1684,21078,1040,40,35000,2677,35000,35000
359693,56150,1917,5913,56015,2749,38763,28015,15,28000,2142,28000,28000
386265,58450,3228,6245,51750,2707,39949,3750,100,48000,3672,48000,48000
399813,53397,1896,5206,53397,2404,34172,22377,577,31020,2373,31020,31020
191168,21080,2254,472,21080,375,3147,215,182,20865,1596,20865,20865
187133,51802,2261,6033,30776,2488,39190,6776,6026,24000,1836,24000,24000
218263,22009,2841,143,22009,341,959,9,9,22000,1683,22000,22000
105887,25278,2571,918,34878,717,8479,9878,277,25000,1912,25000,25000
402860,65550,1622,11489,52000,3515,51595,6000,1000,46000,3519,46000,46000
329751,74398,3986,9124,66050,3754,50229,1050,750,65000,4699,65000,65000
83243,15376,384,1226,23069,1968,8176,9069,1376,14000,1071,14000,14000
109072,50076,4370,5598,38175,7358,37326,23775,6740,14400,1101,14400,14400
112487,29990,3100,1461,13263,2786,12094,3263,1463,10000,765,10000,10000
75061,57140,2462,7305,33570,8272,43734,3570,565,30000,2295,30000,30000
88975,71738,3020,10839,29696,9732,56356,581,145,29115,2227,29115,25164
153641,53601,2820,6461,23308,7918,40721,4308,808,19000,1453,19000,19000
148548,57676,2293,8528,57676,8932,41021,2426,26,55250,4226,55250,55000
90305,26400,3250,1744,26900,2563,11632,1900,1400,25000,1912,25000,25000
66775,72433,3373,10320,32640,9697,54500,408,408,32232,2465,32232,32232
87412,83153,3794,16797,83153,11480,69057,1153,1153,82000,4946,82000,82000
112775,88000,4018,15853,88000,11254,71968,3000,3000,85000,4989,85000,79000
71620,84959,5418,12718,65035,10846,64732,1335,324,63700,4680,63700,63700
71878,55725,2416,4632,6411,7922,33532,1211,1211,5200,397,5200,5200
76458,73962,1929,11832,63442,10561,52820,1442,1442,62000,4656,62000,62000
74008,13758,1526,1126,15180,1918,7508,180,180,15000,1147,15000,15000
71437,60376,3698,5171,43876,8284,34477,4876,500,39000,2983,39000,34000
74433,58900,1873,10090,58900,4060,46599,1400,600,57500,4398,57500,57500
63107,98000,1647,14549,56500,6157,69604,1500,500,55000,4207,55000,55000
70357,91238,4026,13368,74742,5818,66576,742,242,74000,4830,74000,74000
79077,43893,4209,4242,25393,2181,28283,393,143,25000,1912,25000,25000
66023,21540,2410,2023,21540,1015,13490,540,40,21000,1606,21000,7000
86272,76484,5246,10353,51492,4608,54621,6492,242,45000,3442,45000,45000
56711,62060,3679,8525,51040,3641,48092,1040,520,50000,3825,50000,50000
53599,96512,1454,15583,61409,6466,73299,131,119,61278,4645,61278,61178
59817,26183,1998,2989,26383,1377,19933,1383,1383,25000,1912,25000,25000
51811,21021,2932,931,21021,415,6208,4021,521,17000,1300,17000,17000
64583,42658,2536,3889,43881,1673,25933,686,686,43195,3304,43195,43195
72621,48919,1736,5411,28299,2573,36078,299,10,28000,2142,28000,28000
75437,79369,3460,10322,45430,4629,54509,430,430,45000,3442,45000,45000
77065,19430,1046,1401,20858,851,9345,858,58,20000,1530,20000,20000
58966,80183,4462,13383,75753,4897,65442,5753,253,70000,4772,70000,70000
84154,37192,872,3716,29080,1658,24779,27080,12,2000,153,2000,2000
71033,69621,4208,6903,57408,3182,42298,808,808,56600,4329,56600,50000
60987,77430,3979,13600,70000,4747,62735,2000,2000,68000,4743,68000,68000
60419,64641,4185,9142,64713,3853,50296,1063,19,63650,4680,63650,28000
67421,57477,1545,5532,27072,2834,39120,902,2,26170,2002,26170,14400
13567,48032,2767,5300,38766,2504,35335,13266,16,25500,2180,22500,18000
16523,35702,4273,2729,26755,1336,18197,4755,25,22000,1683,22000,22000
21251,34855,2317,2204,26203,1064,14696,203,3,26000,1989,26000,26000
20853,52400,1661,5377,36950,2849,35847,3250,1750,33700,2578,33700,33700
67492,47051,293,4600,19121,2427,30670,14821,421,4300,328,4300,4000
68378,59450,2474,6632,56200,3427,41329,32200,200,24000,1836,24000,24000
91151,34285,422,3285,21147,1432,21902,147,147,21000,1606,21000,21000
72809,84541,2763,14454,59837,5485,69265,404,404,59433,4546,59433,59433
62793,70548,3674,8975,45808,4337,49699,1344,666,44464,3401,44464,44464
171070,54529,3964,5257,41704,1546,35052,312,164,41392,3166,41392,41392
166226,60574,4123,6814,53551,1757,41980,3551,646,50000,3825,50000,50000
186564,24005,2818,706,26405,570,4711,2405,5,24000,1836,24000,24000
224017,29800,2706,3093,29800,864,20620,1100,700,28700,2195,28700,28700
234160,74524,4758,7779,74062,2086,45427,462,162,73600,4824,73600,73600
189523,55418,2533,6895,34950,1573,42268,26550,750,8400,642,8400,6000
159160,20600,4259,745,22029,498,7650,2429,17,19600,1499,19600,16000
214918,62810,2857,10857,58023,1854,49336,13023,23,45000,3442,45000,45000
187506,77620,4345,17514,67100,2299,71370,1100,200,66000,4714,66000,58000
131501,73007,4893,7655,71047,2070,46703,1047,47,70000,4772,70000,70000
187288,66361,5072,9554,38835,1931,51765,12800,300,26035,1991,26035,26035
184954,20879,1160,2194,21195,596,14629,395,79,20800,1591,20800,20800
194744,6961,1177,106,6961,179,711,697,697,6264,479,6264,3264
184927,30921,1603,3371,34096,868,22476,3096,1096,31000,2371,31000,31000
218153,46010,1819,6842,47210,1350,34997,8210,10,39000,2983,39000,39000
206401,89500,4602,13992,46750,2625,67617,750,250,46000,3519,46000,46000
206092,71549,4029,10794,65515,2026,56195,41515,200,24000,1836,24000,15500
218698,19113,1271,1372,30837,513,9153,15837,2000,15000,1147,15000,15000
211680,96600,5322,15603,67800,2838,73370,3800,2500,64000,4685,64000,64000
243523,23523,3559,1840,17523,646,12273,23,23,17500,1338,17500,17000
238627,57680,3016,9806,57828,1700,45583,944,721,56884,4351,56884,56884
218707,35915,1469,4323,35915,1047,26002,1115,1115,34800,5110,2800,32000
160085,93830,6082,13603,66915,2695,66226,1915,506,65000,4699,65000,65000
207679,54063,3810,4439,50044,1502,32240,44,19,50000,3825,50000,50000
214538,73126,4311,11171,66213,2134,57541,9213,4213,57000,4360,57000,57000
190051,83366,3717,14165,59781,2381,68234,26781,10481,33000,2524,33000,33000
198260,68652,4373,10101,58101,1940,53721,3101,500,55000,4207,55000,55000
217900,41600,2200,4813,46600,1218,27752,5600,600,41000,3136,41000,40000
200206,32084,3415,3012,12128,873,20084,128,128,12000,918,12000,12000
202580,47848,4245,4543,31203,1345,32731,1203,3,30000,2295,30000,30000
195471,23353,2829,2171,23353,671,14476,353,352,23000,1759,23000,23000
190605,98740,3620,18947,101299,2932,75993,17299,17299,84000,4975,84000,84000
177580,36386,3213,3620,25701,1032,24136,1701,101,24000,1836,24000,24000
206054,32069,3099,3595,32069,932,23402,69,69,32000,2448,32000,32000
161388,79973,3671,15950,79973,2369,66323,1061,1061,78912,4901,78912,78912
169584,72814,4457,8780,51810,2094,49003,7764,764,44046,3905,37046,33546
186864,42306,2096,5998,50306,1239,31983,10306,2306,40000,3060,40000,40000
173657,28317,1627,2365,32817,790,15772,5817,317,27000,2065,27000,27000
227578,34992,3063,3368,30870,990,22455,870,800,30000,2295,30000,30000
185024,56566,2511,9546,56566,1667,44655,5766,5766,50800,3886,50800,50800
196711,34840,1846,2202,20280,925,14685,280,280,20000,1530,20000,20000
193245,99214,3188,18058,74107,2916,82137,7107,2107,67000,4728,67000,67000
412090,18330,1205,1812,24330,520,12080,6210,60,18120,1386,18120,18000
217385,70425,1609,12630,71525,2083,55614,50525,49425,21000,1606,21000,21000
195722,62096,4305,6458,34048,1773,40708,48,48,34000,2601,34000,34000
219252,36221,1813,3600,36221,1057,24004,221,221,36000,2754,36000,36000
207405,69390,2983,10278,26169,2022,54351,169,169,26000,1989,26000,26000
190447,78566,4746,11512,54633,2297,58758,2133,133,52500,4016,52500,52500
273944,24979,1995,2809,24979,719,18729,79,79,24900,1904,24900,24900
229232,31100,957,2818,31100,903,18793,1100,300,30000,2295,30000,30000
198110,63356,3815,6380,43642,1751,41849,158,155,43484,3326,43484,43484
189305,49941,4529,4194,24528,1408,30405,2511,111,22017,1684,22017,22017
175875,61864,4987,8479,25493,1796,47925,7493,1685,18000,1377,18000,18000
190371,74274,2551,7930,44137,2108,47683,137,137,44000,3366,44000,44000
180072,43030,4884,4304,35390,1201,28695,13390,15,22000,1683,22000,22000
206181,51072,3777,4487,41036,1412,29914,36,36,41000,3136,41000,41000
196853,12800,811,261,12800,354,1741,1700,500,11100,849,11100,9600
165023,53838,5569,5832,44290,1525,38473,6290,506,38000,2907,38000,38000
154129,45820,6282,2990,45810,1195,19939,810,10,45000,3442,45000,45000
202689,90688,1800,13243,44000,2631,66130,4000,250,40000,3060,40000,23000
159672,30090,2757,2713,21033,813,18090,13133,4000,7900,604,7900,7900
189508,62165,3443,10708,62165,1835,48804,12865,865,49300,3756,49100,49100
180408,49238,5831,4743,52930,1387,31101,3930,238,49000,3748,49000,49000
186627,26486,2433,3035,26486,765,20236,360,360,26126,1998,26126,26126
189582,8580,2384,207,16897,197,1380,16817,8500,80,6,80,80
202057,42996,5341,4300,31500,1200,28667,9500,100,22000,1683,22000,22000
194513,54176,3015,8989,45562,1595,42665,562,562,45000,3442,45000,45000
190315,30014,3545,2053,31838,810,15880,1838,14,30000,2295,30000,30000
469745,37600,2385,3426,37600,1244,22797,1200,1000,36400,2784,36400,36400
317688,20470,1590,2133,20470,662,14220,470,20,20000,1530,20000,20000
168213,66774,5859,9652,48734,2202,52117,239,239,48495,3709,48495,48495
324303,99700,3376,16306,44200,3322,75882,2200,1000,42000,3213,42000,42000
230027,44160,939,6420,37800,1433,33491,5800,1000,32000,2448,32000,32000
250398,86328,5428,11215,86615,2765,57697,1615,1615,85000,4989,85000,85000
337326,76598,3554,10445,15000,2434,54947,1000,1000,14000,1071,14000,14000
308472,83604,2806,12655,64363,2775,62840,363,363,64000,4685,64000,64000
420609,60768,6314,6844,56650,1930,42089,1650,50,55000,4207,55000,55000
230113,72998,6668,9768,65170,2346,52532,170,170,65000,4699,65000,65000
359997,99288,5021,16213,91300,3308,75548,1300,2000,90000,5062,90000,90000
168556,93214,5296,14879,40200,6010,71974,1200,1200,39000,2983,39000,39000
153636,14452,3477,23,24692,365,158,18293,717,6399,489,6399,6399
157016,88716,4831,15479,87858,5531,72928,12858,808,75000,4989,65000,65000
143082,78650,4695,13007,60675,4773,64097,775,775,59900,4582,59900,59900
138073,50547,4788,5160,36433,2817,34406,17433,260,19000,1453,19000,19000
187850,55700,1900,9344,55700,3093,43934,1700,300,54000,4131,54000,54000
149506,29481,3648,1701,29672,1344,11340,1402,10,28270,2162,28270,28270
257371,86438,4353,14920,60101,5359,70929,1237,337,58864,4503,58864,58864
152553,83913,4008,13280,53610,5256,66264,2610,100,51000,6196,21000,21000
147828,76076,2874,10947,48113,4722,56741,6213,4213,41900,3205,41900,25400
188672,65788,4153,6091,25000,4149,41116,5000,5000,20000,1530,20000,20000
188877,83945,3917,10674,53943,5489,55766,4460,250,49483,3785,49483,49483
171819,60725,1098,8206,26313,3463,46952,12313,300,14000,1071,14000,14000
156834,26685,2415,2222,26685,1275,14814,6274,7,20411,1561,20411,19811
166812,42887,1945,5075,42887,2341,28686,3000,3000,39887,3051,39887,39887
151422,74826,2631,10892,36566,4587,56543,18566,17766,18000,1377,18000,18000
214608,81600,3589,10142,58300,5308,53866,3300,1000,55000,4207,55000,55000
147212,36578,4582,1327,31085,1865,11474,85,85,31000,2371,31000,25000
214693,69422,1928,12383,69422,4128,54787,8422,5478,61000,4641,61000,38000
177864,44206,3767,3542,28621,2372,23619,3721,206,24900,1904,24900,24900
153430,23019,4066,1275,23012,913,8505,1012,12,22000,1683,22000,22000
36591,78477,4892,12964,54436,2998,63945,219,519,54217,4147,54217,54217
97128,46984,5219,3490,46822,1254,23269,6822,162,40000,3060,40000,40000
133791,66524,5658,7417,62097,2368,44135,97,97,62000,4656,62000,62000
166450,65136,2659,7803,18351,2385,45511,1785,699,16566,1267,16566,15000
136255,81686,2171,13752,50843,3180,66760,843,843,50000,3825,50000,50000
149549,94024,2319,16783,53512,3899,77584,2512,2500,51000,3901,51000,51000
133636,78215,2879,10376,46615,2723,56365,1615,1615,45000,3442,45000,45000
152950,38105,367,3355,22955,1133,22367,155,150,22800,1744,22800,22000
150725,73050,3918,7749,55375,2683,46736,375,175,55000,4207,55000,55000
137225,78380,4059,10097,56241,2906,53707,1241,166,55000,4207,55000,55000
179150,21060,1554,1970,22691,620,13135,1691,60,21000,1606,21000,18000
124655,24322,2312,1593,20250,516,10622,5250,150,15000,1147,15000,15000
155959,39446,3899,3986,31446,1164,26578,779,629,30667,2346,30667,30667
139999,79608,3008,15852,79608,3859,66009,9608,7208,70000,4772,70000,70000
197536,25187,2271,2557,25187,776,17049,187,180,25000,1912,25000,25000
147686,94508,5483,16902,92254,3772,78009,2254,2254,90000,5062,90000,90000
144371,22738,1773,2473,22738,672,16488,108,108,22630,1731,22630,22630
235196,70057,3219,8869,62528,3392,49319,7528,2528,55000,4207,55000,55000
172247,43640,1926,5228,43640,2046,29233,640,640,43000,3289,43000,43000
281147,46645,2578,3970,18440,2241,29273,124,124,18316,1401,18316,16213
196508,24297,4210,664,26279,1099,8147,279,39,26000,1989,26000,26000
205292,54216,3174,5653,54216,2575,34352,216,216,54000,4131,54000,54000
247284,90000,2485,18622,90000,4024,74945,8000,5000,82000,4946,82000,74000
241492,90934,3713,15338,90922,4237,72423,38922,3792,52000,3978,52000,52000
323976,15700,1569,653,15700,644,4354,1400,1400,14300,1093,14300,14300
193546,55582,4837,6934,55413,2640,42408,813,169,54600,4176,54600,46000
208296,51820,398,4748,33670,2505,34306,1070,150,32600,2493,32600,30000
268951,58526,1727,5356,43263,2871,35710,13263,10062,30000,2295,30000,30000
258023,24037,2044,625,24137,1086,7887,199,199,23938,1831,23938,23938
183234,51615,3306,6362,40800,2436,40365,800,100,40000,3060,40000,40000
251682,72666,2252,9434,30333,1769,51339,333,333,30000,2295,30000,30000
270329,17540,17,1693,25976,254,11290,18076,400,7900,604,7900,7600
265949,68381,4794,8506,67528,1635,48022,853,850,66675,4723,66675,66675
211077,91040,4548,14342,74176,2308,68865,9176,8426,65000,4699,65000,65000
266128,47606,2537,6034,47606,1283,32112,6606,2306,41000,3136,41000,41000
276404,72800,3516,13237,72800,2104,57572,2500,2000,70300,4776,70300,68000
543021,34980,3283,3366,23029,505,22445,29,1,23000,1759,23000,23000
285179,7667,86,70,13620,42,467,10500,3647,3120,238,3120,3120
273871,67100,4643,7542,61450,1582,44581,1450,1000,60000,4590,60000,60000
284754,36062,2615,3135,34119,557,20905,119,119,34000,2601,34000,34000
273657,58423,2783,7611,31890,1272,44826,3370,3370,28520,2181,28520,23000
172440,75514,3499,12236,65459,1771,61346,6459,250,59000,5814,42000,30000
273659,92683,3267,13009,81801,2347,65296,1800,1200,80001,4989,75000,75000
101162,72298,2417,10973,39500,4146,56834,7500,7500,32000,2448,32000,32000
78914,66144,4119,8021,64072,3623,46291,2072,2022,62000,4656,62000,62000
101542,75948,4397,11657,39425,4278,59277,425,425,39000,3060,40000,40000
87549,49516,1742,4879,32258,2210,32533,258,258,32000,2448,32000,32000
88192,17842,3234,253,17920,65,1692,1920,12,16000,1224,16000,16000
99370,71996,3931,9289,49098,4121,50820,798,28,48300,3694,48300,48300
54527,59377,1795,7838,40468,2691,45638,39188,996,1280,97,1280,1280
112101,32190,2717,2672,31870,758,17814,320,70,31550,2455,31000,30000
85266,10402,331,480,16885,50,3202,12885,200,4000,306,4000,4000
91631,81860,4631,10887,78430,4602,56527,3430,3230,75000,4844,75000,75000
300221,19758,831,2026,19758,833,13508,758,758,19000,1453,19000,19000
437223,59934,3252,6737,56217,3052,41705,217,175,56000,4284,56000,50000
461160,44337,3171,3137,36450,1972,23718,2450,350,34000,2601,34000,34000
414598,45065,2997,3840,56465,2016,25600,12265,865,44200,3381,44200,44000
452578,86650,3018,14972,49450,4655,71115,1450,150,48000,3672,48000,48000
412535,40824,1195,5660,46300,2097,30776,14300,700,32000,2448,32000,32000
521338,95762,3655,17210,64381,5202,79109,381,381,64000,4685,64000,64000
263208,11826,417,836,19826,383,5576,11826,25,8000,612,8000,7000
159450,72614,2692,9423,59811,3813,51298,843,843,58968,4511,58968,58968
208888,37580,16,3763,17872,1711,25089,2122,2122,15750,1204,15750,15750
429737,64706,1958,7709,51264,3338,45178,1264,1264,50000,3825,50000,50000
372321,79432,3982,12465,76802,4150,58682,18801,10000,58001,4437,58000,58000
111816,28274,940,2915,36100,1571,19439,10100,100,26000,1989,26000,26000
81058,67082,1881,11843,53532,5306,52858,11532,11532,42000,3213,42000,42000
90570,44530,1688,6505,44530,2600,33793,2530,1730,42000,3213,42000,42000
138257,13501,1146,1087,13751,611,7251,251,1,13500,1032,13500,13500
104193,22826,1527,2114,19152,1372,14094,152,152,19000,1453,19000,19000
105052,41878,3435,4159,39904,2167,27730,904,674,39000,2983,39000,39000
105330,58951,3731,8105,49389,3684,43108,389,389,49000,3748,49000,49000
123497,49788,3929,7703,50388,2776,38072,1388,288,49000,3748,49000,49000
100122,55445,2133,8058,55445,3128,39340,1445,485,54000,4131,54000,54000
105247,80808,2603,16172,70288,5166,67041,288,288,70000,4772,70000,70000
99224,97247,1679,20554,97247,8275,81177,45247,43247,52000,3978,52000,52000
122254,27500,1481,2826,27500,1705,18840,5000,5000,22500,1721,22500,22500
100673,92450,4488,14558,47725,5032,71303,725,600,47000,3595,47000,47000
95056,83157,2422,16798,83157,7264,69061,23157,33156,60000,4590,60000,60000
109605,64658,4368,7699,31129,3539,45141,129,129,31000,2371,31000,31000
95878,18027,2281,1624,21736,802,10827,3736,27,18000,1377,18000,18000
104489,91505,5084,15478,96165,4844,72924,16164,1127,80001,765,75000,75000
118924,32067,4661,1910,32900,1594,12737,900,900,32000,2448,32000,32000
157788,22800,1289,1144,15143,718,7630,13443,50,1700,130,1700,1700
105156,28706,2836,2408,13997,1204,16056,3697,490,10300,787,10300,10300
122815,67424,4042,8436,30068,3500,47772,68,68,30000,2295,30000,15000
101837,40635,2776,4370,4409,2447,29139,89,89,4320,330,4320,4320
114227,70614,4817,7618,50307,3778,44851,307,307,50000,3825,50000,50000
101550,59600,5384,4633,51650,2927,34096,1650,150,50000,3825,50000,50000
114749,27540,764,1516,18530,1229,10110,700,200,17830,1516,19830,19760
104721,93593,4232,15991,47111,6594,74756,10111,10111,37000,2830,37000,37000
104950,88577,2222,16444,88577,6974,67919,32577,577,56000,4284,56000,56000
108381,26928,4048,1111,21964,814,7408,1964,16,20000,1530,20000,20000
106135,89959,4570,14096,84050,5224,67989,12050,150,72000,4801,72000,72000
96760,62787,1427,10851,58000,3411,49317,28000,10000,30000,2295,30000,30000
197310,45800,2203,6794,45800,2557,34826,800,400,45000,3442,45000,45000
201347,94040,3062,14003,63520,5161,68846,520,20,63000,4670,63000,63000
180025,62347,2403,8594,58493,959,48337,50093,250,8400,642,8400,8400
136768,34345,1685,4109,36086,1976,25236,86,86,36000,2754,36000,36000
108006,26938,3892,1091,24890,1437,7278,1390,1015,23500,1797,23500,23500
105069,33689,4557,2847,30689,1575,18986,689,489,30000,2295,30000,30000
111248,24391,3151,1476,27514,998,9844,3514,10,24000,1836,24000,24000
107051,76995,4618,12600,60426,4668,62645,8426,8426,52000,3978,52000,48000
102018,60619,2172,10351,60619,2752,47529,16619,2883,44000,3366,44000,44000
106051,52620,2029,5615,5935,2840,37437,2935,1685,3000,229,3000,3000
104404,72562,4196,11587,71372,3283,55543,23372,66,48000,3672,48000,48000
101490,58818,4562,8075,53884,3538,43000,2884,2883,51000,3901,51000,51000
90347,63454,4135,8859,56227,3563,49283,1227,1127,55000,4207,55000,55000
107004,87050,2930,11598,35025,4204,60732,4025,25,31000,2371,31000,31000
82434,69100,1199,9690,70300,845,48769,49300,100,21000,1606,21000,21000
71634,82268,4865,11666,78634,4963,59308,3634,3634,75000,4844,75000,75000
93333,48642,3274,4780,22992,2004,31873,14992,200,8000,612,8000,8000
82943,64800,2103,13540,64800,2897,58550,15800,1300,49000,3748,49000,49000
100279,10355,1006,615,10355,168,4105,5055,63,5300,405,5300,5300
81246,37190,2277,3256,37190,2227,21712,2990,2990,34200,2601,34000,34000
97197,88322,5224,12706,53161,4791,64213,161,160,53000,4054,53000,53000
84317,63101,4467,8774,61663,3518,48981,1663,868,60000,4590,60000,60000
96643,44985,4395,4917,36410,1876,32783,410,410,36000,2754,36000,36000
114920,13001,3009,233,14555,308,1559,1555,1000,13000,994,13000,13000
135507,45875,3712,6811,47283,2014,34887,7283,2883,40000,3060,40000,40000
151546,47462,4532,4493,45936,1797,29958,1936,16,44000,3366,44000,44000
135981,79927,5230,9983,23639,3290,54961,1752,187,21887,1674,21887,21887
153004,61508,5877,5670,42115,2443,37803,2115,215,40000,3060,40000,40000
138607,79962,6201,10456,65981,3292,54989,981,969,65000,4699,65000,65000
158407,82645,7091,13988,82445,3608,67602,445,400,82000,4946,82000,82000
171104,72500,3033,9398,54500,3142,51210,36300,500,18200,1392,18200,18200
148422,42234,4553,4054,42117,1750,27028,117,17,42000,3213,42000,42000
161677,27692,3424,1866,27692,984,12441,692,692,27000,2065,27000,27000
131448,41282,3021,5764,41282,1802,31149,385,385,40897,3128,40897,40897
155555,50221,4344,4020,55877,1827,26802,5676,20,50201,4758,38201,37000
164472,97786,4049,17707,88186,4305,80884,184,184,88002,5033,88000,28000
142663,21957,3419,793,22457,624,9007,657,157,21800,1667,21800,18800
147746,93831,2889,19644,93831,4220,78240,28831,28831,65000,4699,65000,65000
131085,77478,5061,11265,50590,3371,57877,1590,590,49000,3748,49000,49000
154687,35227,703,3481,15605,1427,23211,5005,5,10600,810,10600,9600
151171,64449,3664,7654,33148,2771,44979,148,148,33000,2524,33000,33000
149302,95616,5291,15380,90808,4205,72573,808,808,90000,5062,90000,90000
145446,20424,2323,883,21227,650,5892,19715,960,1512,115,1512,1512
146375,56220,5371,7086,52081,2393,42951,2081,2081,50000,3825,50000,50000
158675,72270,5673,8662,59135,3035,48582,135,135,59000,4513,59000,59000
142897,85604,4945,11051,59904,3455,57111,16904,612,43000,3289,43000,43000
119235,30570,5481,2849,37574,1213,18998,5074,14,32500,2486,32500,32500
145084,19459,1732,1629,20378,799,10860,963,14,19415,1485,19415,19415
150637,62525,4740,10791,58328,2780,49101,2328,1153,56000,4284,56000,56000
157074,54923,5130,5303,23275,2237,35359,275,275,23000,1759,23000,23000
170911,45615,4266,3894,34615,1615,25960,1615,1615,33000,2524,33000,33000
160829,14171,758,1188,14171,555,7921,19,19,14152,1082,14150,14000
137221,72326,6385,10980,64663,3134,56858,63,36,64600,5792,47000,39000
146645,83915,3919,11556,40995,3280,58916,1995,400,39000,2983,39000,17000
143323,69772,4542,9683,45287,2920,52227,2287,2100,43000,3289,43000,43000
161969,44595,1889,6519,44595,1955,33845,2595,2595,42000,3213,42000,42000
123107,71673,3400,12949,61153,3200,56643,1153,1153,60000,4590,60000,60000
154380,20476,4621,1094,26582,652,9976,6749,216,19833,1517,19833,14000
173211,56870,3887,4428,56835,2036,29523,1835,35,55000,4207,55000,55000
142659,82050,5626,13842,70875,3581,67080,875,175,70000,4772,70000,70000
158548,34799,5548,2566,33542,1311,17107,1542,7,32000,2448,32000,32000
135971,32363,1768,3661,32363,1392,23639,1363,263,31000,2371,31000,31000
161878,69596,2370,10327,65433,2912,54527,15433,1956,50000,3825,50000,50000
170166,16051,3439,465,16291,352,3101,291,51,16000,1224,16000,16000
149185,54872,3463,9151,46258,2428,43245,58,58,46200,3626,45000,1200
166670,25456,1238,2102,25456,1074,14019,1456,50,24000,1836,24000,22500
174612,62555,5800,5871,62940,2491,38613,940,65,62000,4656,62000,62000
158388,63882,5194,11104,63882,2842,50219,882,882,63000,4670,63000,63000
125875,54509,6255,5255,54509,2218,35037,809,808,53700,4108,53700,53700
139736,10380,1230,619,17210,381,4130,7090,260,10120,774,10120,10120
163463,91513,4737,12611,66485,3823,64348,1485,485,65000,4699,65000,65000
208219,15045,2914,681,15416,402,4545,416,45,15000,1147,15000,15000
158102,14578,1604,1249,16360,574,8328,1890,108,14470,1106,14470,14470
144604,87002,5179,13426,78752,3809,65593,7752,152,71000,4786,71000,65000
171709,9200,2859,300,19893,230,2000,12893,1200,7000,535,7000,7000
148297,68500,4578,10689,68500,3054,48739,8500,2500,60000,4590,60000,60000
146145,29262,2839,3486,29602,1249,23012,1602,62,28000,2142,28000,18000
253135,55283,4340,5220,53683,2343,34803,1683,1500,52000,3978,52000,52000
314640,12057,1039,871,12057,348,5807,1014,939,11043,844,11043,11043
260080,82500,5004,13953,76750,5109,67475,6750,5000,70000,4844,65000,65000
291321,37406,2358,3399,37406,2197,22666,2406,6,35000,2677,35000,35000
223755,21040,859,2218,21040,888,14790,4500,4500,16540,1265,16540,16540
522099,69202,2506,12332,70766,4813,54606,5766,5766,65000,4699,65000,65000
277900,59613,4663,7894,44750,3278,45838,750,750,44000,3366,44000,44000
296648,82088,4662,10939,60864,4684,56712,424,404,60440,4620,60400,60000
287540,24454,1434,2730,24454,1161,18204,5872,475,18582,1421,18582,10963
229677,50730,2630,7063,50730,3263,35786,1730,1730,49000,76,48500,48000
267557,10802,1459,682,12022,273,4552,22,22,12000,918,12000,12000
251536,87042,4324,12063,50021,5080,60726,1021,421,49000,3748,49000,49000
256960,69268,3491,8698,49378,4050,48709,945,246,48433,3705,48433,48433
283105,75000,5002,10703,75000,4509,55869,25000,20000,50000,3825,50000,50000
287388,69152,4104,9138,37076,3845,51698,76,75,37000,2830,37000,37000
199646,67348,2223,9790,32025,3897,52608,1025,25,31000,2371,31000,31000
392212,95398,4971,13958,76300,5749,67496,4300,1000,72000,4801,72000,72000
248394,87146,5020,12086,57500,5088,60810,3500,3500,54000,4131,54000,54000
260874,72754,4619,9453,57427,4329,51407,2427,391,55000,4207,55000,55000
214962,12082,846,287,12082,350,1917,82,82,12000,918,12000,12000
140777,65318,4202,7842,21068,2471,45652,1068,68,20000,1530,20000,20000
163261,34264,3119,4090,34264,1148,25171,4264,64,30000,2295,30000,30000
180290,98230,4906,15973,96615,4116,74691,1615,1615,95000,5134,95000,95000
164069,26917,1356,3100,24563,781,20667,563,563,24000,1836,24000,24000
142858,46000,1935,6839,46000,1735,34989,3000,1000,43000,3289,43000,43000
210702,74378,4055,7952,52205,2774,47764,205,175,52000,3978,52000,52000
183135,14520,776,27,26993,4,182,13473,500,13520,1034,13520,13520
142956,26726,3781,2191,17263,541,14611,463,463,16800,1285,16800,16800
338505,49346,4396,4860,45613,1919,32405,3613,97,42000,3213,42000,42000
334672,15708,1845,1418,26936,332,9458,11256,28,15680,1199,15680,15680
313417,91290,4925,14399,86290,3863,69068,36200,5000,50090,3831,50090,50090
522000,71040,2863,7024,37920,3019,42730,2420,170,35500,2715,35500,28000
418017,86053,5181,10466,86053,3689,55024,53,37,86000,5004,86000,86000
355090,21771,3278,1216,27750,504,10789,4750,200,23000,1759,23000,23000
51455,32000,1268,3579,32000,1410,23346,5000,5000,27000,2065,27000,27000
61634,97336,3263,14398,83977,6195,69066,3025,2562,80952,7876,25952,55000
43807,77710,4047,11318,70206,4700,58065,9606,200,60600,4788,58600,28000
47810,17939,3943,286,17848,373,4239,4063,201,13785,1054,13785,12505
19960,72740,2882,9021,68370,4025,49862,3370,3370,65000,4699,65000,65000
64028,44800,2340,3611,22700,2075,26518,700,100,22000,1683,22000,22000
40709,41570,2236,4488,43665,1828,29922,12165,438,31500,2409,31500,31500
59014,51109,1844,5800,46002,2323,38359,17202,7889,28800,2203,28800,28800
22609,25036,3190,904,13278,508,6027,278,18,13000,994,13000,13000
40071,83528,3940,11952,72528,5094,60329,2528,2528,70000,4772,70000,70000
48950,73230,3461,8185,71615,4293,46875,1615,1615,70000,4772,70000,70000
45264,7141,483,133,7141,115,891,139,139,7002,535,7000,5000
26588,91058,2904,14346,56685,5809,68880,6685,1685,50000,3825,50000,50000
40996,28118,2486,1609,21143,735,10727,4143,25,17000,1300,17000,17000
48580,77278,1966,12670,62139,4522,62893,32139,12639,30000,3442,15000,15000
39802,35622,4270,3528,28250,1382,23526,21250,1450,7000,535,7000,7000
49774,91480,4589,13070,48740,5696,64322,1740,1718,47000,3595,47000,47000
61832,79389,4131,13188,61387,3579,64745,387,337,61000,4641,61000,61000
102566,42982,651,4139,23791,1323,27594,191,191,23600,1805,23600,23600
93135,61065,2992,9134,61065,3244,43183,1065,865,60000,4590,60000,60000
94815,47500,1505,6012,47500,2291,32035,5000,5000,42500,3251,42500,42500
88246,69230,3622,8868,51615,2860,49315,1615,1615,50000,3825,50000,50000
97058,37500,1287,3409,37500,1592,22729,2500,2500,35000,4590,10000,25000
75410,58613,3889,6449,49050,2142,40678,3450,3000,45600,3488,45600,45600
81363,7100,963,127,7100,93,850,1000,1000,6100,466,6100,6100
100992,66348,5510,7379,49674,2663,43999,1674,174,48000,3672,48000,48000
68224,40440,3081,2382,33218,1183,18322,1218,15,32000,2448,32000,32000
86790,99828,4347,17523,58570,237,80226,3570,3370,55000,4207,55000,55000
123335,80446,4943,10566,62423,122,55381,2423,2423,60000,4590,60000,60000
92262,76698,5093,11088,45900,30,57245,21900,1000,24000,1836,24000,24000
88790,74667,3950,11539,41685,24,58857,1685,1685,40000,3060,40000,40000
124472,77964,3224,11375,40293,3367,58270,4293,333,36000,2754,36000,36000
152420,40135,1739,5503,40541,982,30216,1041,230,39500,3021,39500,11000
133043,91536,3353,13768,51568,4213,66817,568,843,51000,3901,51000,51000
117994,77721,4537,11396,116721,3152,54863,78721,721,38000,2907,38000,38000
119375,65428,4640,9331,63914,2548,50968,1514,1264,62400,4662,62400,62400
120219,87040,4330,12062,46377,3793,60724,6377,20,40000,3060,40000,40000
153781,39225,1717,3960,14010,886,26402,3010,10,11000,841,11000,9000
123436,48016,1851,3974,34993,1221,26499,4993,23,30000,2295,30000,30000
139624,22665,2710,1487,8270,353,9915,5270,500,3000,229,3000,3000
166057,75035,1511,8320,36760,2880,48547,2760,1000,34000,2601,34000,34000
150437,44681,1737,4331,18639,1199,28878,2639,1854,16000,1224,16000,16000
207337,39100,3694,5030,41100,930,28525,3300,500,37800,2891,37800,33800
124927,67647,3591,8347,66216,2692,47454,11216,200,55000,4207,55000,55000
149486,95742,4637,14037,77271,4402,67775,15171,71,62100,4657,62100,62100
125151,71520,3751,8363,71520,2651,45749,8020,20,63500,4677,63500,63500
110721,63808,3510,7571,56904,2150,44685,6904,2254,50000,3825,50000,50000
158641,67310,1775,8274,35506,2670,47193,506,506,35000,2677,35000,35000
140892,69098,3298,7578,37049,2689,46127,49,49,37000,2830,37000,37000
125248,43725,2314,4223,14701,1137,28156,8701,250,6000,459,6000,6000
178325,95360,4554,15739,61180,4375,73856,1180,1000,60000,4590,60000,60000
134673,40741,4889,3281,29242,756,21878,242,242,29000,2218,29000,29000
137945,85650,4506,13119,50497,3800,64498,15497,400,35000,2677,35000,35000
141470,68278,5314,7112,42253,2538,43043,2253,253,40000,3060,40000,40000
107819,35454,3506,3687,35454,699,24586,3454,4,32000,2448,32000,14000
107710,55347,4254,5738,31122,1893,38138,1122,1122,30000,2295,30000,30000
121977,74610,5812,11526,76460,3145,58808,6460,6460,70000,4772,70000,70000
140434,58508,4062,7631,38056,2098,44898,12056,1500,26000,1989,26000,26000
127780,44066,2731,6399,44066,1224,33415,66,66,44000,3366,44000,44000
159256,79530,4191,15832,79530,3547,65942,1680,350,77850,4886,77850,77850
139922,28583,2132,2951,28583,590,19678,783,783,27800,2126,27800,27800
452793,24340,2115,1955,24340,483,13037,340,340,24000,1836,24000,24000
121170,99540,6388,16766,99540,4563,77523,30540,22540,69000,4757,69000,69000
94400,18564,2253,1847,19955,336,12314,3955,3955,16000,1224,16000,16000
95874,74900,4674,13773,74900,4574,59303,1400,1200,73500,4822,73500,68000
94592,80952,4193,14566,70432,5089,61861,432,432,70000,4772,70000,70000
86110,18635,679,1857,18635,339,12385,3276,100,15359,1174,15359,15359
87022,80198,2260,10863,24050,3860,57630,1050,1050,23000,1759,23000,23000
94105,14250,2330,13,13250,72,87,4250,500,9000,688,9000,9000
178417,87200,5024,13471,48500,5760,65754,15500,12000,33000,2524,33000,33000
178991,60150,2773,8069,28075,3630,46461,8075,75,20000,1530,20000,20000
257103,28664,1310,2961,28664,1426,19741,4442,482,24222,1852,24222,24222
234155,89704,4009,12667,61008,5800,62883,1008,808,60000,4590,60000,60000
195505,35508,4258,3638,39000,1689,24258,2000,2000,37000,2830,37000,37000
136969,64102,1595,9014,23051,3941,49836,51,50,23000,1759,23000,23000
167512,67550,2948,10491,54000,4488,48029,10000,5000,44000,3366,44000,44000
214981,87060,5512,11381,63200,5513,58290,1200,200,62000,4656,62000,62000
156183,76436,300,12463,42852,4912,62155,40452,7584,2400,183,2400,2400
226653,22947,2727,1526,18983,626,10177,6983,3964,12000,918,12000,12000
112804,16854,1106,108,22230,214,722,7670,50,14560,1113,14560,14560
136917,69953,2356,10994,69953,4678,49825,4953,1153,65000,4699,65000,65000
123649,68580,3345,10084,33610,4294,53660,3970,3370,29640,2267,29640,29640
150307,30078,4166,2056,30046,1104,13713,46,35,30000,2295,30000,30000
188650,8386,1886,177,15839,55,1186,10779,239,5060,387,5060,5060
241609,76306,5282,11745,73731,4823,59591,1731,731,72000,4801,72000,72000
167688,87236,4493,13479,70118,5763,65783,8118,2118,62000,4656,62000,62000
196617,41224,1276,5751,41224,2415,31102,1224,1024,40000,3060,40000,40000
224004,96218,3514,14145,46130,6313,68161,1030,870,45100,3450,45100,45100
247839,27587,1988,2836,27587,1341,18907,87,4,27500,2103,27500,27500
225517,72243,4614,9588,62143,4425,51887,143,138,62000,4656,62000,62000
160405,36115,1470,3269,36115,2013,21799,1115,1115,35000,2677,35000,35000
163269,34673,3124,3330,27427,1545,22205,427,337,27000,2065,27000,27000
207733,81598,5682,13731,53250,5319,66683,1250,1250,52000,3978,52000,52000
165372,24209,1776,2693,24209,1075,17959,2209,2165,22000,1683,22000,22000
171194,75767,4706,10927,73560,4702,56668,1089,656,72471,4808,72471,72471
183891,83723,2604,15249,73203,5762,64063,2883,2883,70320,4776,70320,67500
239915,64696,4975,6335,64198,3830,40270,198,248,64000,4685,64000,64000
199950,99352,4454,19098,85268,6993,76479,10200,100,75068,4845,75068,75068
186500,79169,2098,15735,68649,5403,65631,8649,8649,60000,4590,60000,60000
327082,87416,3222,17934,87416,6053,72723,14416,14416,73000,4815,73000,73000
141698,37548,1850,4685,37548,2126,27295,73,73,37475,2866,37475,36875
147867,67446,3116,11927,79693,4401,53158,24693,200,55000,4207,55000,55000
134022,32257,4099,3038,33326,1355,20257,5326,1158,28000,2142,28000,28000
141498,99894,1643,21260,108141,6957,83454,105941,12000,2200,168,2200,2000
206209,59857,4613,6869,50050,3528,43596,1050,50,49000,3748,49000,49000
258075,28884,2205,2986,28884,1443,19911,1384,1384,27500,2103,27500,27500
257288,84700,5049,13807,56450,5484,66955,2950,150,53500,4207,52000,50000
188745,89900,3826,18596,89900,6248,74859,17400,400,72500,6365,42500,30000
237488,75846,2538,9057,50423,4708,51654,423,323,50000,3825,50000,40000
264839,71690,3776,8537,56845,4460,48133,14845,4845,42000,3213,42000,42000
242004,73082,3684,10475,33398,4570,55054,1398,144,32000,2448,32000,32000
165953,14100,751,325,14100,351,2167,8100,300,6000,459,6000,6000
161004,45044,3282,4557,32522,2362,30382,2522,15,30000,2295,30000,30000
125991,15783,3135,792,15783,211,5283,5331,109,10452,799,10452,10452
174455,55820,3841,8137,55820,3565,39622,820,580,55000,4207,55000,55000
161095,74102,3947,7207,49352,4492,45100,352,102,49000,3748,49000,49000
141305,51616,3605,5119,50808,2800,34132,808,808,50000,3825,50000,50000
244061,96098,4967,13784,94500,6303,68063,15500,500,79000,4902,79000,54000
168974,67012,3078,9023,56506,4092,49871,16506,506,40000,3060,40000,40000
138483,68832,3667,7917,54416,4235,45921,2416,166,52000,3978,52000,52000
227414,40077,3251,3292,40077,1892,21953,77,77,40000,3060,40000,40000
178170,90352,4909,15881,81176,6008,74363,9176,8426,72000,4801,72000,72000
217702,62667,4494,8671,62543,3828,48611,22543,123,40000,3060,40000,40000
241149,15355,2248,33,17976,238,222,8616,3000,9360,716,9360,9360
272972,71486,3454,12901,60966,4798,56489,5966,5766,55000,4207,55000,55000
295537,19211,737,1944,19211,682,12961,211,200,19000,1453,19000,19000
205767,58242,3375,7568,43121,3480,44672,121,121,43000,3289,43000,43000
238073,14299,385,1064,21980,310,7099,7890,209,14090,1077,14090,14090
141690,35552,3449,1978,32551,1233,13190,551,1,32000,2448,32000,32000
131108,78433,602,12953,36204,4648,63907,18204,270,18000,1377,18000,18000
129336,26542,2556,2140,28939,960,14270,3939,446,25000,1912,25000,25000
146951,94377,4246,12355,67189,5204,61769,2189,1938,65000,4699,65000,65000
136922,20578,729,1916,20578,963,12778,229,20,20349,1556,20349,20349
125892,73672,1338,10615,64915,4175,55557,51384,3829,13531,1035,13531,13531
120613,75020,1586,14629,64500,4849,62063,12500,2000,52000,3978,52000,52000
115466,89428,4361,15654,87242,5417,73552,7242,6741,80000,4917,80000,80000
342037,28575,3632,1247,36409,935,8316,9409,9,27000,2065,27000,23000
127218,26122,1409,2980,26122,1351,19872,122,50,26000,1989,26000,26000
132284,84692,3286,13805,62202,4946,66947,14202,32,48000,3672,48000,40000
131794,20129,826,1119,23769,548,7463,3769,129,20000,1530,20000,20000
133341,64719,3444,9161,50816,3688,50363,14016,9016,36800,2815,36800,33800
124136,13253,624,1050,13253,495,7003,653,633,12600,963,12600,9600
124063,76130,2002,10273,44366,4347,54334,1366,1166,43000,3289,43000,43000
144925,26500,1690,1033,30100,818,9244,4100,500,26000,1989,26000,26000
130700,76416,1840,13449,76416,4957,58258,23416,14416,53000,4054,53000,53000
176568,80706,4356,11311,55253,4667,58042,5253,253,50000,3825,50000,50000
124517,11514,539,789,13514,391,5264,2714,24,10800,826,10800,10800
135905,69933,4428,8156,57796,3913,46773,796,646,57000,4360,57000,57000
144752,18550,1055,340,28150,333,5491,9650,50,18500,1415,18500,18500
129453,89000,1965,13879,76000,5388,67212,1000,1000,75000,4844,75000,75000
123568,22146,1050,2241,29842,1073,14946,20837,5413,9005,688,9005,9005
144409,64950,1707,11351,51400,4069,51100,8400,8000,43000,3289,43000,43000
135026,67665,2149,11977,54115,4279,53338,855,411,53260,4074,53260,53260
116671,94275,2973,16845,68275,5757,77804,2600,2000,65675,4715,65250,65000
112976,36610,2592,3647,20844,1720,24315,844,750,20000,1530,20000,20000
131764,72000,4247,9290,66000,4198,50823,6000,1500,60000,4590,60000,60000
135464,87858,3676,12934,60207,5168,63837,207,162,60000,4590,60000,60000
143389,62316,3180,8587,49108,3520,48311,1108,808,48000,3672,48000,40000
119562,18595,1207,1325,21006,824,8838,1006,24,20000,1530,20000,20000
40859,22156,2040,900,19686,126,6006,1666,70,18020,1378,18020,18020
34687,64552,2194,9121,29995,1277,50220,25287,1925,4708,360,4708,4708
42862,91188,4390,13003,63750,1820,64085,1250,500,62500,4663,62500,62500
46346,57148,3425,4714,25749,660,34639,749,512,25000,1912,25000,25000
44984,77838,3121,9975,53738,1397,53268,5738,808,48000,3672,48000,25000
36060,84245,4212,12800,82560,1792,63360,7560,5056,75000,4844,75000,75000
41376,74022,1593,10699,52010,1498,55856,2010,10,50000,3825,50000,50000
45896,35424,3488,2699,35176,378,17998,776,50,34400,3090,28400,8400
201037,15725,3153,654,21521,243,4365,10121,27,11400,872,11400,11400
216341,38835,3550,3433,23065,1187,22889,265,35,22800,1744,22800,22800
187659,36738,1952,3332,36738,1143,22218,1738,138,35000,2677,35000,34000
171993,95000,5700,17023,95000,4250,78440,8000,8000,87000,5018,87000,87000
164955,87332,5593,13501,73421,3736,65861,3421,421,70000,4772,70000,70000
161131,61394,3824,8366,53127,2342,47524,4127,1127,49000,3748,49000,49000
174465,85000,4927,15563,85000,3656,65077,3000,2000,82000,4946,82000,82000
172942,64986,6324,9225,62993,2529,50591,1993,584,61000,4641,61000,61000
155050,71174,6701,8425,70587,2797,47734,587,337,70000,4772,70000,70000
169566,76620,2350,15056,66100,3188,63439,8100,7500,58000,4437,58000,58000
181379,31757,2018,3525,31757,921,23150,557,557,31200,2386,31200,31200
177467,98608,1277,16059,48608,4406,74997,28608,100,20000,1530,20000,20000
148382,99804,3479,17517,32402,4419,80205,7402,7402,25000,1912,25000,25000
173221,85088,5288,12992,60800,3603,64043,4800,200,56000,4284,56000,56000
195470,22922,2611,1820,22922,527,12135,922,22,22000,1683,22000,22000
186169,46842,5915,5150,44421,1585,34338,2421,421,42000,3213,42000,42000
195197,59561,4179,8926,59561,2301,42442,61,61,59500,4551,59500,59500
212859,64814,5005,7047,64532,2466,42812,532,32,64000,4685,64000,64000
173707,84102,2206,10244,40004,3368,55894,9000,5000,31004,2371,31000,26000
175670,18863,3721,656,18491,315,4374,17941,885,550,42,550,550
184814,89100,4401,18383,92274,3900,74171,7274,1200,85000,4989,85000,85000
178850,45632,1946,6755,45632,1576,34689,632,432,45000,3442,45000,45000
193789,82753,5452,11776,55565,3405,59701,565,565,55000,4207,55000,55000
160949,73583,2989,11280,47581,2976,57931,2581,81,45000,3442,45000,45000
173179,73717,5496,9940,46297,2876,53146,1297,1122,45000,3442,45000,45000
175108,75601,6173,12258,55197,3081,61422,197,197,55000,4207,55000,55000
160326,74876,5787,10904,60038,2990,56586,38,38,60000,4590,60000,60000
168053,15194,801,1341,15194,226,8944,1194,10,14000,1071,14000,14000
239839,49577,2064,6435,49577,1781,33543,3577,577,46000,5355,22000,15000
176331,78126,6488,12878,78126,3213,63637,14126,126,64000,4685,64000,64000
180994,82508,6102,11034,81854,3333,57052,1854,404,80000,4917,80000,80000
157598,65891,5131,10143,65891,2630,46789,891,890,65000,4699,65000,65000
168184,99104,5864,18031,51708,4436,82041,1708,1685,50000,3825,50000,50000
157483,66200,3486,8033,60750,2592,46334,750,450,60000,4590,60000,60000
196125,18644,3710,1200,18644,283,8006,5787,237,12857,983,12857,11520
159604,79990,5484,13336,61900,3309,65273,1400,400,60500,4628,60500,59000
156992,13314,706,1059,13314,171,7064,314,314,13000,994,13000,13000
173677,59936,3987,5521,47268,3066,36807,268,268,47000,3595,47000,47000
190784,51904,3093,5156,45702,2503,34377,1202,202,44500,3404,44500,44500
168346,20881,594,1950,21131,897,13002,3349,95,17782,1360,17782,17782
255717,68486,3512,11283,73286,5017,54460,37759,1863,35527,2717,35527,35527
190266,65502,5324,7882,55765,4857,45794,1948,1171,53817,4117,53817,53817
196762,20718,3001,172,17820,863,1148,2820,488,15000,1147,15000,15000
195833,79753,3547,14271,82577,6497,60909,2077,577,80500,5025,73500,70000
191206,6737,2344,73,11926,191,487,5255,66,6671,510,6671,6671
176527,77285,4654,12672,42425,5918,62900,3925,75,38500,3075,36800,34000
274713,69486,3902,12398,71050,5573,54840,1050,800,70000,4772,70000,70000
225856,92884,4068,17505,78800,7679,71340,3800,2500,75000,4844,75000,75000
229043,50182,2209,5671,24091,1405,37812,91,91,24000,1836,24000,17000
205056,14500,3715,26,38150,406,175,24350,350,13800,1055,13800,13800
194321,11113,2540,729,21613,311,4863,16213,108,5400,413,5400,5400
207797,52255,5035,6141,37404,1463,39576,580,400,36824,2817,36824,36824
190600,55400,4250,5359,42900,1551,35730,3900,2000,39000,2983,39000,39000
216882,44500,3210,6498,44500,1246,33768,1500,1500,43000,3289,43000,43000
181335,40540,2063,5595,42540,1135,30545,12540,40,30000,2295,30000,30000
199562,22650,4430,393,26175,634,6342,4175,650,22000,1683,22000,22000
172951,35974,3421,3571,21890,1007,23807,11890,2400,10000,765,10000,10000
177755,64066,4394,6199,59011,1794,39783,1371,121,57640,4409,57640,57640
198398,66635,4032,7441,46218,1866,44221,418,404,45800,3503,45800,45800
197296,73680,4534,8968,56190,2063,49673,2490,633,53700,4108,53700,53700
179492,61162,4276,5262,60662,1713,35085,662,162,60000,4590,60000,60000
164229,59843,2388,7949,12764,1676,46034,3139,79,9625,736,9625,9625
196147,27146,3601,3134,27146,760,20896,3146,650,24000,1836,24000,24000
205964,37427,5030,2642,26101,1048,17617,559,559,25542,1953,25542,25542
207951,26332,875,2690,25407,737,17935,1407,7,24000,1836,24000,24000
172999,73398,3953,8907,61100,2055,49455,8600,2500,52500,4016,52500,52500
158990,52203,5159,6128,31700,1462,39532,1700,1500,30000,2295,30000,30000
163214,38975,2210,3448,32406,1091,22989,406,406,32000,2448,32000,32000
207671,93723,4914,19615,93723,2624,78147,173,173,93550,7932,30000,30000
222559,72790,5178,8089,66020,2038,46535,10020,20,56000,4284,56000,56000
174124,14400,4333,21,20574,403,140,10574,658,10000,765,10000,10000
75416,82454,5660,11550,57254,3176,60084,1890,930,55364,4235,55364,55364
71296,7330,1372,162,11714,45,1080,3714,300,8000,612,8000,8000
75174,88766,5623,16373,88766,4503,72637,6766,5766,82000,4946,82000,82000
70962,22554,3383,2084,22554,573,13897,554,554,22000,1683,22000,22000
59243,78749,5243,12345,61471,3395,61734,471,421,61000,4641,61000,61000
76425,21365,1551,1503,21365,413,10022,1365,100,20000,1530,20000,20000
71725,81442,4813,14687,81442,4039,62251,1442,1442,80000,4917,80000,70000
91758,22584,4312,1123,22567,309,7489,4567,17,18000,1377,18000,18000
231281,98692,6167,15872,97346,5328,74329,1346,646,96000,5149,96000,96000
238645,97076,5009,17533,87029,5709,80261,1029,1009,86000,5004,86000,86000
271257,67298,2269,8271,29000,3624,47184,4000,4000,25000,1912,25000,25000
265510,81110,676,13611,37805,4591,66255,4305,4000,33500,2562,33500,28000
238292,97134,4755,15038,70067,5548,71353,67,30,70000,6484,40000,40000
274584,18227,445,241,13555,139,1611,2580,2000,10975,839,10975,2068
267323,73954,5190,11369,69600,3926,58248,6600,4000,63000,4670,63000,63000
341222,93000,2980,19422,93000,90,77525,1500,500,91500,5083,91500,90000
315378,74770,4419,8518,74608,70,48067,1008,808,73600,4824,73600,70000
348325,58442,3586,7387,58442,87,40545,1442,1442,57000,4360,57000,57000
347402,35127,1904,3170,35127,8,21136,127,127,35000,2677,35000,35000
407046,48690,2381,6254,48690,59,32899,990,990,47700,3710,46900,46900
106193,13618,1115,100,17440,27,668,2435,35,15005,1147,15005,15005
129679,33346,1815,3883,33346,1759,24431,346,346,33000,2524,33000,33000
38946,35860,1393,3244,35860,908,21628,4984,3666,30876,2362,30876,28440
51773,85950,5120,13428,62000,4566,65601,1000,1000,61000,4641,61000,55000
33410,55076,4357,6813,41490,2112,41977,490,450,41000,3136,41000,41000
41642,96502,2198,15581,66251,5298,73291,41251,758,25000,1912,25000,25000
34924,31618,2508,3493,31618,1083,23038,118,100,31500,2409,31500,31500
58405,83128,2072,10709,4069,3320,57554,3069,68,1000,76,1000,1000
43329,63771,1996,11078,64755,3434,50128,9155,3171,55600,198,54300,53000
310482,41655,4063,3988,16855,1758,26591,7355,900,9500,726,9500,9500
359333,75503,3830,10131,73862,3658,53826,1641,591,72221,4804,72221,72221
118925,79766,2623,14274,79766,4111,60919,6766,5766,73000,4815,73000,73000
108069,68720,3281,8579,64026,3314,48285,33026,26,31000,2371,31000,18000
144649,98150,3341,14936,57450,4961,72176,1450,400,56000,4590,52000,52000
347070,20601,684,2152,20601,710,14351,601,500,20000,1530,20000,20000
689039,73450,2012,11249,31640,3586,57818,306,156,31334,2397,31334,31334
332456,19127,1004,675,10497,496,4504,1997,1966,8500,650,8500,8500
133770,95669,5218,14020,89969,4772,67716,1969,969,88000,5033,88000,88000
111833,57800,896,9834,57800,2847,45683,24800,800,33000,2524,33000,22000
132174,98460,6804,16025,94418,5015,74877,8418,42,86000,5004,86000,86000
107305,15576,501,1398,15896,443,9326,521,1,15375,1176,15375,15000
118845,47481,3165,5231,47900,1784,34874,900,500,47000,3595,47000,47000
97251,90314,2154,12805,45108,4225,63377,2108,2107,43000,3289,43000,43000
98787,60442,44,10310,63132,2562,47383,33675,25845,29457,2253,29457,29457
291698,53724,5515,6491,53362,2865,40826,362,100,53000,6043,27000,27000
321233,78328,4560,11458,72664,5187,58565,2664,2240,70000,4772,70000,70000
211337,32723,1170,3743,34023,1727,23929,1323,23,32700,2501,32700,32000
247306,89598,1097,14015,37290,5968,67697,2290,40,35000,2677,35000,29000
283926,50777,2166,7073,50777,2978,35822,777,577,50000,3825,50000,50000
282351,55613,2887,5796,40714,3613,38345,289,89,40425,3092,40425,40425
285508,86676,4587,14292,78795,5716,68688,193,193,78602,4896,78602,78602
259344,49188,5734,5445,47888,2551,36303,4888,100,43000,3978,34000,34000
344759,59820,4501,6712,45720,3905,41617,3720,200,42000,3213,42000,2000
262299,51424,2182,5263,29962,2706,35088,1962,212,28000,2142,28000,28000
187447,80248,4842,10521,54325,5220,55221,1325,25,53000,4054,53000,53000
302885,57010,4622,5421,53605,3610,38723,605,5,53000,4054,53000,53000
168740,52673,4338,6673,53326,1490,37995,1326,1326,52000,3978,52000,52000
190891,68675,3525,8570,52762,3327,48250,762,112,52000,3978,52000,52000
348692,74018,5080,7669,33614,3118,45035,3614,404,30000,2295,30000,25000
250627,10037,851,568,11537,172,3787,1537,37,10000,765,10000,10000
197769,9601,1467,502,14452,33,3351,1052,52,13400,1025,13400,12000
178556,52897,303,6294,17697,1481,40122,14689,14689,3008,230,3008,3008
194834,15390,37,1371,15390,433,9140,390,390,15000,1147,15000,15000
65085,16183,260,1489,16183,597,9933,183,183,16000,1224,16000,16000
154073,68525,1396,8988,23525,2400,51163,525,525,23000,1759,23000,23000
499681,26328,1534,2689,22227,1228,17932,2227,1977,20000,1530,20000,20000
168015,53649,2397,8866,53649,2371,42226,8649,8649,45000,3442,45000,45000
266105,8148,979,284,9950,86,1898,950,50,9000,688,9000,9000
188309,54132,5328,8978,56732,2018,42628,3232,432,53500,4207,52000,50000
270065,13691,2456,1116,13691,432,7441,666,666,13025,996,13025,7851
303647,18492,1669,1836,19492,747,12242,1012,12,18480,1413,18480,18480
195165,8428,2373,326,9228,318,2178,1228,428,8000,612,8000,8000
57006,16955,2246,838,17243,442,5590,343,55,16900,1292,16900,16900
103174,46351,2535,4521,16176,2161,30141,176,175,16000,1224,16000,16000
103687,30276,4522,3293,30276,1670,21956,276,276,30000,2295,30000,30000
239473,83280,4915,16831,83280,5727,69166,38280,37480,45000,3442,45000,45000
486549,65024,5316,7778,25354,2487,45424,354,354,25000,1912,25000,25000
360734,56025,2459,8180,56025,3423,39777,2025,25,54000,4131,54000,50000
441388,48000,3268,7295,48000,2462,36617,3000,3000,45000,3442,45000,32000
99430,56321,4399,6925,59325,8086,38896,4325,4325,55000,4207,55000,55000
90752,36270,1121,4402,36270,2033,26283,1270,70,35000,2677,35000,35000
149311,51930,2469,8465,52430,2292,40795,2430,1730,50000,3825,50000,50000
146853,42507,1625,6043,42507,2498,32146,411,411,42096,3220,42096,42096
158642,83390,3362,16860,83390,3560,69261,7390,5190,76000,4859,76000,76000
314823,35450,4011,2613,38700,1263,20050,6700,200,32000,2448,32000,32000
69141,54399,1746,7837,45785,2652,38551,177,177,45608,3489,45608,45608
389157,19125,3013,1374,20553,337,9160,1553,633,19000,1453,19000,19000
